target_type,loss_function,weight_ex,batch_size,n_pairs,learning_rate,config,r2_avg,mae_avg,rmse_avg,softdtw_avg,fastdtw_avg,sid_avg,sis_avg,CV_r2_avg,CV_mae_avg,CV_rmse_avg,CV_softdtw_avg,CV_fastdtw_avg,CV_sid_avg,CV_sis_avg,val_loss_avg
default,SoftDTW,0.1,128,5,0.001,"{'num_atoms': 35, 'num_in_degree': 10, 'num_out_degree': 10, 'num_edges': 38, 'num_spatial': 20, 'num_edge_dis': 10, 'edge_type': 'multi_hop', 'multi_hop_max_dist': 5, 'num_encoder_layers': 6, 'embedding_dim': 64, 'ffn_embedding_dim': 256, 'num_attention_heads': 8, 'dropout': 0.1, 'attention_dropout': 0.1, 'activation_dropout': 0.1, 'activation_fn': 'gelu', 'pre_layernorm': False, 'q_noise': 0.0, 'qn_block_size': 8, 'output_size': 100}",-10717.650304870605,0.3256981945037842,0.4117526239156723,-671.6419995117187,146.29456,0.02842215184122324,0.9724037833163401,-945.4763793945312,0.32494327425956726,0.409016489982605,1259.6282145182292,2518.9758,0.6249825159708658,0.6154963495837141,-634.6991088867187
default,SoftDTW,0.1,128,5,0.01,"{'num_atoms': 35, 'num_in_degree': 10, 'num_out_degree': 10, 'num_edges': 38, 'num_spatial': 20, 'num_edge_dis': 10, 'edge_type': 'multi_hop', 'multi_hop_max_dist': 5, 'num_encoder_layers': 6, 'embedding_dim': 64, 'ffn_embedding_dim': 256, 'num_attention_heads': 8, 'dropout': 0.1, 'attention_dropout': 0.1, 'activation_dropout': 0.1, 'activation_fn': 'gelu', 'pre_layernorm': False, 'q_noise': 0.0, 'qn_block_size': 8, 'output_size': 100}",-10666.085184020996,0.31775956869125366,0.41081694602966307,-672.7483764648438,143.86362,0.02846343766897917,0.972363010655174,-674.6933390299479,0.27646292249361676,0.34750673174858093,909.7023111979166,2114.1838,0.6241483887036642,0.6158109416683192,-650.148524983724
default,SoftDTW,0.3,128,5,0.001,"{'num_atoms': 35, 'num_in_degree': 10, 'num_out_degree': 10, 'num_edges': 38, 'num_spatial': 20, 'num_edge_dis': 10, 'edge_type': 'multi_hop', 'multi_hop_max_dist': 5, 'num_encoder_layers': 6, 'embedding_dim': 64, 'ffn_embedding_dim': 256, 'num_attention_heads': 8, 'dropout': 0.1, 'attention_dropout': 0.1, 'activation_dropout': 0.1, 'activation_fn': 'gelu', 'pre_layernorm': False, 'q_noise': 0.0, 'qn_block_size': 8, 'output_size': 100}",-9197.525644226074,0.30799086034297946,0.3813933378458023,-686.2807629394531,138.22282,0.027630008533596994,0.9731526856019014,-895.5591634114584,0.3127052883307139,0.39922016859054565,1200.2335611979167,2402.2922,0.6252537171045939,0.6153915685075425,-637.6375427246094
default,SoftDTW,0.3,128,5,0.01,"{'num_atoms': 35, 'num_in_degree': 10, 'num_out_degree': 10, 'num_edges': 38, 'num_spatial': 20, 'num_edge_dis': 10, 'edge_type': 'multi_hop', 'multi_hop_max_dist': 5, 'num_encoder_layers': 6, 'embedding_dim': 64, 'ffn_embedding_dim': 256, 'num_attention_heads': 8, 'dropout': 0.1, 'attention_dropout': 0.1, 'activation_dropout': 0.1, 'activation_fn': 'gelu', 'pre_layernorm': False, 'q_noise': 0.0, 'qn_block_size': 8, 'output_size': 100}",-11215.519986877442,0.3347724312543869,0.4212635523080826,-666.0703137207031,151.72145,0.02932088289409876,0.9715584505179116,-691.885487874349,0.27448447545369464,0.35039084156354267,923.0620930989584,2075.6091,0.6242551406224569,0.6157706133103272,-651.4358154296875
default,SoftDTW,0.5,128,5,0.001,"{'num_atoms': 35, 'num_in_degree': 10, 'num_out_degree': 10, 'num_edges': 38, 'num_spatial': 20, 'num_edge_dis': 10, 'edge_type': 'multi_hop', 'multi_hop_max_dist': 5, 'num_encoder_layers': 6, 'embedding_dim': 64, 'ffn_embedding_dim': 256, 'num_attention_heads': 8, 'dropout': 0.1, 'attention_dropout': 0.1, 'activation_dropout': 0.1, 'activation_fn': 'gelu', 'pre_layernorm': False, 'q_noise': 0.0, 'qn_block_size': 8, 'output_size': 100}",-9350.237870788575,0.30579800009727476,0.3845620769262314,-685.1415686035157,137.56142,0.028821562975645067,0.9720303297493439,-855.5011393229166,0.30352820952733356,0.3923097352186839,1159.8274739583333,2325.1553,0.6250457564989725,0.6154687320138356,-644.693544514974
default,SoftDTW,0.5,128,5,0.01,"{'num_atoms': 35, 'num_in_degree': 10, 'num_out_degree': 10, 'num_edges': 38, 'num_spatial': 20, 'num_edge_dis': 10, 'edge_type': 'multi_hop', 'multi_hop_max_dist': 5, 'num_encoder_layers': 6, 'embedding_dim': 64, 'ffn_embedding_dim': 256, 'num_attention_heads': 8, 'dropout': 0.1, 'attention_dropout': 0.1, 'activation_dropout': 0.1, 'activation_fn': 'gelu', 'pre_layernorm': False, 'q_noise': 0.0, 'qn_block_size': 8, 'output_size': 100}",-9757.15088531494,0.30730885863304136,0.3930082505941391,-681.1943469238281,137.81712,0.02830719970166683,0.9725194699340013,-657.8616333007812,0.27179576953252155,0.34361688296000165,888.4659423828125,2062.3384,0.6246585249900818,0.6156245051688948,-654.7214131673177
default,SoftDTW,0.7,128,5,0.001,"{'num_atoms': 35, 'num_in_degree': 10, 'num_out_degree': 10, 'num_edges': 38, 'num_spatial': 20, 'num_edge_dis': 10, 'edge_type': 'multi_hop', 'multi_hop_max_dist': 5, 'num_encoder_layers': 6, 'embedding_dim': 64, 'ffn_embedding_dim': 256, 'num_attention_heads': 8, 'dropout': 0.1, 'attention_dropout': 0.1, 'activation_dropout': 0.1, 'activation_fn': 'gelu', 'pre_layernorm': False, 'q_noise': 0.0, 'qn_block_size': 8, 'output_size': 100}",-11033.365586242675,0.34253591537475586,0.41758990347385405,-666.51767578125,154.92188,0.028077068626880645,0.972739172495302,-911.2927042643229,0.3181249300638835,0.40205222368240356,1216.8601481119792,2428.8801,0.6244920492172241,0.6156787066064626,-639.0137105305989
default,SoftDTW,0.7,128,5,0.01,"{'num_atoms': 35, 'num_in_degree': 10, 'num_out_degree': 10, 'num_edges': 38, 'num_spatial': 20, 'num_edge_dis': 10, 'edge_type': 'multi_hop', 'multi_hop_max_dist': 5, 'num_encoder_layers': 6, 'embedding_dim': 64, 'ffn_embedding_dim': 256, 'num_attention_heads': 8, 'dropout': 0.1, 'attention_dropout': 0.1, 'activation_dropout': 0.1, 'activation_fn': 'gelu', 'pre_layernorm': False, 'q_noise': 0.0, 'qn_block_size': 8, 'output_size': 100}",-10936.722882080077,0.32729706227779387,0.416011153459549,-669.0232763671875,146.98186,0.02923482421785593,0.971644602484331,-708.402109781901,0.2786857783794403,0.3533925811449687,939.5991821289062,2115.886,0.6241660714149475,0.6158043644793642,-652.4968037923177
default,SoftDTW,0.9,128,5,0.001,"{'num_atoms': 35, 'num_in_degree': 10, 'num_out_degree': 10, 'num_edges': 38, 'num_spatial': 20, 'num_edge_dis': 10, 'edge_type': 'multi_hop', 'multi_hop_max_dist': 5, 'num_encoder_layers': 6, 'embedding_dim': 64, 'ffn_embedding_dim': 256, 'num_attention_heads': 8, 'dropout': 0.1, 'attention_dropout': 0.1, 'activation_dropout': 0.1, 'activation_fn': 'gelu', 'pre_layernorm': False, 'q_noise': 0.0, 'qn_block_size': 8, 'output_size': 100}",-9310.999217224122,0.30161395490169524,0.38375926673412325,-686.47697265625,138.269,0.02811729669570923,0.9726877741935163,-878.2197672526041,0.3111613194147746,0.39721710483233136,1188.1990559895833,2365.9817,0.6251134872436523,0.6154487715463651,-643.397226969401
default,SoftDTW,0.9,128,5,0.01,"{'num_atoms': 35, 'num_in_degree': 10, 'num_out_degree': 10, 'num_edges': 38, 'num_spatial': 20, 'num_edge_dis': 10, 'edge_type': 'multi_hop', 'multi_hop_max_dist': 5, 'num_encoder_layers': 6, 'embedding_dim': 64, 'ffn_embedding_dim': 256, 'num_attention_heads': 8, 'dropout': 0.1, 'attention_dropout': 0.1, 'activation_dropout': 0.1, 'activation_fn': 'gelu', 'pre_layernorm': False, 'q_noise': 0.0, 'qn_block_size': 8, 'output_size': 100}",-9636.927297058106,0.3058206683397293,0.39043080747127534,-682.0502392578124,137.98901,0.028605890311300754,0.972233158893229,-719.0197143554688,0.2814210156599681,0.35769566893577576,962.4650675455729,2115.9294,0.6254461805025736,0.6153200431980658,-648.628603108724
default,MSE,0.1,128,5,0.001,"{'num_atoms': 35, 'num_in_degree': 10, 'num_out_degree': 10, 'num_edges': 38, 'num_spatial': 20, 'num_edge_dis': 10, 'edge_type': 'multi_hop', 'multi_hop_max_dist': 5, 'num_encoder_layers': 6, 'embedding_dim': 64, 'ffn_embedding_dim': 256, 'num_attention_heads': 8, 'dropout': 0.1, 'attention_dropout': 0.1, 'activation_dropout': 0.1, 'activation_fn': 'gelu', 'pre_layernorm': False, 'q_noise': 0.0, 'qn_block_size': 8, 'output_size': 100}",-10206.776658020019,0.32001697659492495,0.40190355241298675,-676.2798596191407,144.00146,0.028902285136282443,0.971961750339542,-966.4759318033854,0.3341972827911377,0.4154033462206523,1298.3219401041667,2563.3943,0.6249297459920248,0.6155104509823205,0.22729251484076182
default,MSE,0.1,128,5,0.01,"{'num_atoms': 35, 'num_in_degree': 10, 'num_out_degree': 10, 'num_edges': 38, 'num_spatial': 20, 'num_edge_dis': 10, 'edge_type': 'multi_hop', 'multi_hop_max_dist': 5, 'num_encoder_layers': 6, 'embedding_dim': 64, 'ffn_embedding_dim': 256, 'num_attention_heads': 8, 'dropout': 0.1, 'attention_dropout': 0.1, 'activation_dropout': 0.1, 'activation_fn': 'gelu', 'pre_layernorm': False, 'q_noise': 0.0, 'qn_block_size': 8, 'output_size': 100}",-10262.031432495118,0.3263630121946335,0.4030197685956955,-674.5468920898437,148.8613,0.02897000290453434,0.9718929411675648,-792.4958292643229,0.30341294407844543,0.37926162282625836,1089.4328206380208,2300.012,0.6241546471913656,0.6158084968997969,0.21348284234603246
default,MSE,0.3,128,5,0.001,"{'num_atoms': 35, 'num_in_degree': 10, 'num_out_degree': 10, 'num_edges': 38, 'num_spatial': 20, 'num_edge_dis': 10, 'edge_type': 'multi_hop', 'multi_hop_max_dist': 5, 'num_encoder_layers': 6, 'embedding_dim': 64, 'ffn_embedding_dim': 256, 'num_attention_heads': 8, 'dropout': 0.1, 'attention_dropout': 0.1, 'activation_dropout': 0.1, 'activation_fn': 'gelu', 'pre_layernorm': False, 'q_noise': 0.0, 'qn_block_size': 8, 'output_size': 100}",-10816.666694335938,0.3311248183250427,0.41366180300712585,-669.3371044921874,149.078,0.028958112820982932,0.9719138742087258,-944.0885009765625,0.3270145356655121,0.41220471262931824,1279.9247233072917,2531.8645,0.625214695930481,0.6154047450903873,0.22566537509361903
default,MSE,0.3,128,5,0.01,"{'num_atoms': 35, 'num_in_degree': 10, 'num_out_degree': 10, 'num_edges': 38, 'num_spatial': 20, 'num_edge_dis': 10, 'edge_type': 'multi_hop', 'multi_hop_max_dist': 5, 'num_encoder_layers': 6, 'embedding_dim': 64, 'ffn_embedding_dim': 256, 'num_attention_heads': 8, 'dropout': 0.1, 'attention_dropout': 0.1, 'activation_dropout': 0.1, 'activation_fn': 'gelu', 'pre_layernorm': False, 'q_noise': 0.0, 'qn_block_size': 8, 'output_size': 100}",-10628.191461486816,0.3287375992536545,0.41007991969585417,-671.4078186035156,148.4285,0.029050399400293827,0.971814514049421,-717.7082722981771,0.28850798805554706,0.35713924964269,958.7638346354166,2248.8967,0.6523616512616476,0.6053481905497002,0.2065964087843895
default,MSE,0.5,128,5,0.001,"{'num_atoms': 35, 'num_in_degree': 10, 'num_out_degree': 10, 'num_edges': 38, 'num_spatial': 20, 'num_edge_dis': 10, 'edge_type': 'multi_hop', 'multi_hop_max_dist': 5, 'num_encoder_layers': 6, 'embedding_dim': 64, 'ffn_embedding_dim': 256, 'num_attention_heads': 8, 'dropout': 0.1, 'attention_dropout': 0.1, 'activation_dropout': 0.1, 'activation_fn': 'gelu', 'pre_layernorm': False, 'q_noise': 0.0, 'qn_block_size': 8, 'output_size': 100}",-11180.485107421875,0.33378218233585355,0.42032228350639345,-666.0320947265625,151.32086,0.027529943212866784,0.9732419523108333,-895.9298095703125,0.31789302825927734,0.39995280901590985,1202.5425618489583,2404.7861,0.6253088712692261,0.6153712956894445,0.22064058730999628
default,MSE,0.5,128,5,0.01,"{'num_atoms': 35, 'num_in_degree': 10, 'num_out_degree': 10, 'num_edges': 38, 'num_spatial': 20, 'num_edge_dis': 10, 'edge_type': 'multi_hop', 'multi_hop_max_dist': 5, 'num_encoder_layers': 6, 'embedding_dim': 64, 'ffn_embedding_dim': 256, 'num_attention_heads': 8, 'dropout': 0.1, 'attention_dropout': 0.1, 'activation_dropout': 0.1, 'activation_fn': 'gelu', 'pre_layernorm': False, 'q_noise': 0.0, 'qn_block_size': 8, 'output_size': 100}",-9558.880589294433,0.30981099486351016,0.3887696033716202,-682.8846887207031,140.48395,0.028104216679930686,0.9726987537643434,-688.6581726074219,0.2787808875242869,0.34915391604105633,918.4014078776041,2155.258,0.6245500048001608,0.615655967416522,0.19720355570316314
default,MSE,0.7,128,5,0.001,"{'num_atoms': 35, 'num_in_degree': 10, 'num_out_degree': 10, 'num_edges': 38, 'num_spatial': 20, 'num_edge_dis': 10, 'edge_type': 'multi_hop', 'multi_hop_max_dist': 5, 'num_encoder_layers': 6, 'embedding_dim': 64, 'ffn_embedding_dim': 256, 'num_attention_heads': 8, 'dropout': 0.1, 'attention_dropout': 0.1, 'activation_dropout': 0.1, 'activation_fn': 'gelu', 'pre_layernorm': False, 'q_noise': 0.0, 'qn_block_size': 8, 'output_size': 100}",-10509.440289001464,0.3196943461894989,0.4077204066514969,-674.2862768554687,143.21454,0.028451397754251956,0.9723793987702389,-959.6055908203125,0.32871876160303753,0.41066383322079975,1267.5044759114583,2528.6804,0.6245810588200887,0.6156454624279171,0.22216952294111253
default,MSE,0.7,128,5,0.01,"{'num_atoms': 35, 'num_in_degree': 10, 'num_out_degree': 10, 'num_edges': 38, 'num_spatial': 20, 'num_edge_dis': 10, 'edge_type': 'multi_hop', 'multi_hop_max_dist': 5, 'num_encoder_layers': 6, 'embedding_dim': 64, 'ffn_embedding_dim': 256, 'num_attention_heads': 8, 'dropout': 0.1, 'attention_dropout': 0.1, 'activation_dropout': 0.1, 'activation_fn': 'gelu', 'pre_layernorm': False, 'q_noise': 0.0, 'qn_block_size': 8, 'output_size': 100}",-10766.416124572754,0.33372855722904204,0.4126226055622101,-669.0977917480469,151.34213,0.027445169799029827,0.9733160918336636,-699.35546875,0.2828449606895447,0.35195563236872357,931.8195190429688,2192.6577,0.6241661707560221,0.6158041104930184,0.19686342676480612
default,MSE,0.9,128,5,0.001,"{'num_atoms': 35, 'num_in_degree': 10, 'num_out_degree': 10, 'num_edges': 38, 'num_spatial': 20, 'num_edge_dis': 10, 'edge_type': 'multi_hop', 'multi_hop_max_dist': 5, 'num_encoder_layers': 6, 'embedding_dim': 64, 'ffn_embedding_dim': 256, 'num_attention_heads': 8, 'dropout': 0.1, 'attention_dropout': 0.1, 'activation_dropout': 0.1, 'activation_fn': 'gelu', 'pre_layernorm': False, 'q_noise': 0.0, 'qn_block_size': 8, 'output_size': 100}",-10431.628405456542,0.32051704347133636,0.40598981320858,-674.0062158203125,144.73244,0.027641766406595707,0.9731344995821578,-935.5287068684896,0.327297568321228,0.40978095928827923,1263.776123046875,2473.0847,0.6254455844561259,0.6153149610931399,0.2307356894016266
default,MSE,0.9,128,5,0.01,"{'num_atoms': 35, 'num_in_degree': 10, 'num_out_degree': 10, 'num_edges': 38, 'num_spatial': 20, 'num_edge_dis': 10, 'edge_type': 'multi_hop', 'multi_hop_max_dist': 5, 'num_encoder_layers': 6, 'embedding_dim': 64, 'ffn_embedding_dim': 256, 'num_attention_heads': 8, 'dropout': 0.1, 'attention_dropout': 0.1, 'activation_dropout': 0.1, 'activation_fn': 'gelu', 'pre_layernorm': False, 'q_noise': 0.0, 'qn_block_size': 8, 'output_size': 100}",-10515.071311340333,0.3319376891851425,0.4077898722887039,-671.3412023925781,149.18304,0.027749320268630983,0.973040229980064,-698.3963521321615,0.28336766362190247,0.35064273079236347,923.72021484375,2178.807,0.6259164810180664,0.6151300646880862,0.1981877903143565
default,MAE,0.1,128,5,0.001,"{'num_atoms': 35, 'num_in_degree': 10, 'num_out_degree': 10, 'num_edges': 38, 'num_spatial': 20, 'num_edge_dis': 10, 'edge_type': 'multi_hop', 'multi_hop_max_dist': 5, 'num_encoder_layers': 6, 'embedding_dim': 64, 'ffn_embedding_dim': 256, 'num_attention_heads': 8, 'dropout': 0.1, 'attention_dropout': 0.1, 'activation_dropout': 0.1, 'activation_fn': 'gelu', 'pre_layernorm': False, 'q_noise': 0.0, 'qn_block_size': 8, 'output_size': 100}",-10618.316589355469,0.3012235641479492,0.4098281365633011,-675.6521130371094,138.55728,0.028191555067896844,0.9726220983139432,-1021.0263468424479,0.31704943378766376,0.4244047999382019,1353.0929768880208,2430.5103,0.6251940131187439,0.6154194361087203,0.3665326317151388
default,MAE,0.1,128,5,0.01,"{'num_atoms': 35, 'num_in_degree': 10, 'num_out_degree': 10, 'num_edges': 38, 'num_spatial': 20, 'num_edge_dis': 10, 'edge_type': 'multi_hop', 'multi_hop_max_dist': 5, 'num_encoder_layers': 6, 'embedding_dim': 64, 'ffn_embedding_dim': 256, 'num_attention_heads': 8, 'dropout': 0.1, 'attention_dropout': 0.1, 'activation_dropout': 0.1, 'activation_fn': 'gelu', 'pre_layernorm': False, 'q_noise': 0.0, 'qn_block_size': 8, 'output_size': 100}",-11219.446989440918,0.314241401553154,0.4211879676580429,-667.93568359375,140.84525,0.028713648580014704,0.9721270863411032,-758.6972859700521,0.2655221124490102,0.3682581384976705,1019.6187947591146,2044.355,0.6270275513331095,0.6147024438851173,0.3428268621365229
default,MAE,0.3,128,5,0.001,"{'num_atoms': 35, 'num_in_degree': 10, 'num_out_degree': 10, 'num_edges': 38, 'num_spatial': 20, 'num_edge_dis': 10, 'edge_type': 'multi_hop', 'multi_hop_max_dist': 5, 'num_encoder_layers': 6, 'embedding_dim': 64, 'ffn_embedding_dim': 256, 'num_attention_heads': 8, 'dropout': 0.1, 'attention_dropout': 0.1, 'activation_dropout': 0.1, 'activation_fn': 'gelu', 'pre_layernorm': False, 'q_noise': 0.0, 'qn_block_size': 8, 'output_size': 100}",-12770.40584777832,0.327622082233429,0.4493623876571655,-655.2499829101563,147.2205,0.028896065577864647,0.9719594127408946,-1039.1360880533855,0.3201015889644623,0.4302544395128886,1391.1746419270833,2412.385,0.625226100285848,0.6154064655650522,0.37759224474430086
default,MAE,0.3,128,5,0.01,"{'num_atoms': 35, 'num_in_degree': 10, 'num_out_degree': 10, 'num_edges': 38, 'num_spatial': 20, 'num_edge_dis': 10, 'edge_type': 'multi_hop', 'multi_hop_max_dist': 5, 'num_encoder_layers': 6, 'embedding_dim': 64, 'ffn_embedding_dim': 256, 'num_attention_heads': 8, 'dropout': 0.1, 'attention_dropout': 0.1, 'activation_dropout': 0.1, 'activation_fn': 'gelu', 'pre_layernorm': False, 'q_noise': 0.0, 'qn_block_size': 8, 'output_size': 100}",-11582.617010192871,0.3209688013792038,0.4279966598749161,-664.6409301757812,143.7632,0.02851030811667442,0.9723207455756168,-754.8066101074219,0.27366456389427185,0.3643085261185964,997.1576334635416,2057.0095,0.6241649985313416,0.6158042653992899,0.3564086774984995
default,MAE,0.5,128,5,0.001,"{'num_atoms': 35, 'num_in_degree': 10, 'num_out_degree': 10, 'num_edges': 38, 'num_spatial': 20, 'num_edge_dis': 10, 'edge_type': 'multi_hop', 'multi_hop_max_dist': 5, 'num_encoder_layers': 6, 'embedding_dim': 64, 'ffn_embedding_dim': 256, 'num_attention_heads': 8, 'dropout': 0.1, 'attention_dropout': 0.1, 'activation_dropout': 0.1, 'activation_fn': 'gelu', 'pre_layernorm': False, 'q_noise': 0.0, 'qn_block_size': 8, 'output_size': 100}",-11658.294188842774,0.310497151017189,0.42920965790748594,-666.3982348632812,140.28452,0.02869926121085882,0.9721415062016934,-1064.983378092448,0.3211134672164917,0.43689074118932086,1436.0474039713542,2409.6592,0.6259503364562988,0.6151257551233704,0.3691888729731242
default,MAE,0.5,128,5,0.01,"{'num_atoms': 35, 'num_in_degree': 10, 'num_out_degree': 10, 'num_edges': 38, 'num_spatial': 20, 'num_edge_dis': 10, 'edge_type': 'multi_hop', 'multi_hop_max_dist': 5, 'num_encoder_layers': 6, 'embedding_dim': 64, 'ffn_embedding_dim': 256, 'num_attention_heads': 8, 'dropout': 0.1, 'attention_dropout': 0.1, 'activation_dropout': 0.1, 'activation_fn': 'gelu', 'pre_layernorm': False, 'q_noise': 0.0, 'qn_block_size': 8, 'output_size': 100}",-11296.26215423584,0.31890408873558046,0.422491130232811,-667.0761352539063,143.32391,0.028577392846345903,0.9722597792066289,-753.5429890950521,0.2761530677477519,0.36600369215011597,1007.5557861328125,2094.9314,0.624736507733663,0.615589691697544,0.36123633086681367
default,MAE,0.7,128,5,0.001,"{'num_atoms': 35, 'num_in_degree': 10, 'num_out_degree': 10, 'num_edges': 38, 'num_spatial': 20, 'num_edge_dis': 10, 'edge_type': 'multi_hop', 'multi_hop_max_dist': 5, 'num_encoder_layers': 6, 'embedding_dim': 64, 'ffn_embedding_dim': 256, 'num_attention_heads': 8, 'dropout': 0.1, 'attention_dropout': 0.1, 'activation_dropout': 0.1, 'activation_fn': 'gelu', 'pre_layernorm': False, 'q_noise': 0.0, 'qn_block_size': 8, 'output_size': 100}",-10747.424621887207,0.3051999545097351,0.4122869598865509,-673.4273022460937,138.05286,0.02888794884085655,0.9719645368762383,-942.3656005859375,0.3100622296333313,0.408585657676061,1254.1135660807292,2334.1428,0.6252313653628031,0.6154014344361145,0.36697085201740265
default,MAE,0.7,128,5,0.01,"{'num_atoms': 35, 'num_in_degree': 10, 'num_out_degree': 10, 'num_edges': 38, 'num_spatial': 20, 'num_edge_dis': 10, 'edge_type': 'multi_hop', 'multi_hop_max_dist': 5, 'num_encoder_layers': 6, 'embedding_dim': 64, 'ffn_embedding_dim': 256, 'num_attention_heads': 8, 'dropout': 0.1, 'attention_dropout': 0.1, 'activation_dropout': 0.1, 'activation_fn': 'gelu', 'pre_layernorm': False, 'q_noise': 0.0, 'qn_block_size': 8, 'output_size': 100}",-10514.825405578613,0.29777933716773985,0.4078809404373169,-676.6668713378906,133.39745,0.028825631216168403,0.9720246097445114,-806.9542032877604,0.2797716160615285,0.37446974714597064,1056.8044026692708,2114.822,0.6265366673469543,0.614901382806023,0.35192526479562125
default,MAE,0.9,128,5,0.001,"{'num_atoms': 35, 'num_in_degree': 10, 'num_out_degree': 10, 'num_edges': 38, 'num_spatial': 20, 'num_edge_dis': 10, 'edge_type': 'multi_hop', 'multi_hop_max_dist': 5, 'num_encoder_layers': 6, 'embedding_dim': 64, 'ffn_embedding_dim': 256, 'num_attention_heads': 8, 'dropout': 0.1, 'attention_dropout': 0.1, 'activation_dropout': 0.1, 'activation_fn': 'gelu', 'pre_layernorm': False, 'q_noise': 0.0, 'qn_block_size': 8, 'output_size': 100}",-10930.005399475098,0.302534795999527,0.41576558649539946,-672.9262841796875,136.247,0.028213802687823773,0.9725992212638127,-966.8513997395834,0.3078983922799428,0.4153481721878052,1302.2037353515625,2323.5774,0.6253599127133688,0.6153502017071882,0.36515285273392994
default,MAE,0.9,128,5,0.01,"{'num_atoms': 35, 'num_in_degree': 10, 'num_out_degree': 10, 'num_edges': 38, 'num_spatial': 20, 'num_edge_dis': 10, 'edge_type': 'multi_hop', 'multi_hop_max_dist': 5, 'num_encoder_layers': 6, 'embedding_dim': 64, 'ffn_embedding_dim': 256, 'num_attention_heads': 8, 'dropout': 0.1, 'attention_dropout': 0.1, 'activation_dropout': 0.1, 'activation_fn': 'gelu', 'pre_layernorm': False, 'q_noise': 0.0, 'qn_block_size': 8, 'output_size': 100}",-10494.708188476563,0.2986935555934906,0.4074781847000122,-676.834052734375,134.22806,0.029086351022124292,0.9717808588046397,-885.4899088541666,0.291885773340861,0.39283814032872516,1170.0718790690105,2240.0325,0.6242171327273051,0.6157856970935961,0.35676426589488985
default,Huber,0.1,128,5,0.001,"{'num_atoms': 35, 'num_in_degree': 10, 'num_out_degree': 10, 'num_edges': 38, 'num_spatial': 20, 'num_edge_dis': 10, 'edge_type': 'multi_hop', 'multi_hop_max_dist': 5, 'num_encoder_layers': 6, 'embedding_dim': 64, 'ffn_embedding_dim': 256, 'num_attention_heads': 8, 'dropout': 0.1, 'attention_dropout': 0.1, 'activation_dropout': 0.1, 'activation_fn': 'gelu', 'pre_layernorm': False, 'q_noise': 0.0, 'qn_block_size': 8, 'output_size': 100}",-9997.766288757324,0.31794195890426635,0.39777327120304107,-678.3977258300781,142.89745,0.028447737134993076,0.9723837334394523,-949.2381388346354,0.32234545548756915,0.4099559585253398,1262.344970703125,2470.2864,0.6249763369560242,0.615497511373536,0.11165748710433641
default,Huber,0.1,128,5,0.01,"{'num_atoms': 35, 'num_in_degree': 10, 'num_out_degree': 10, 'num_edges': 38, 'num_spatial': 20, 'num_edge_dis': 10, 'edge_type': 'multi_hop', 'multi_hop_max_dist': 5, 'num_encoder_layers': 6, 'embedding_dim': 64, 'ffn_embedding_dim': 256, 'num_attention_heads': 8, 'dropout': 0.1, 'attention_dropout': 0.1, 'activation_dropout': 0.1, 'activation_fn': 'gelu', 'pre_layernorm': False, 'q_noise': 0.0, 'qn_block_size': 8, 'output_size': 100}",-9770.142350463868,0.31405331552028654,0.3931710767745972,-680.1571240234375,141.80464,0.028119976222515105,0.9726884912380358,-707.3639424641927,0.2815891702969869,0.35162027676900226,929.4102579752604,2136.884,0.6255462567011515,0.6152845634430907,0.10028177586694559
default,Huber,0.3,128,5,0.001,"{'num_atoms': 35, 'num_in_degree': 10, 'num_out_degree': 10, 'num_edges': 38, 'num_spatial': 20, 'num_edge_dis': 10, 'edge_type': 'multi_hop', 'multi_hop_max_dist': 5, 'num_encoder_layers': 6, 'embedding_dim': 64, 'ffn_embedding_dim': 256, 'num_attention_heads': 8, 'dropout': 0.1, 'attention_dropout': 0.1, 'activation_dropout': 0.1, 'activation_fn': 'gelu', 'pre_layernorm': False, 'q_noise': 0.0, 'qn_block_size': 8, 'output_size': 100}",-10486.67438079834,0.3272347408533096,0.40733662724494935,-672.6594702148437,148.1086,0.0286440547183156,0.9722036842980348,-871.6670125325521,0.3145250578721364,0.39271511634190875,1160.441650390625,2398.7683,0.6247702836990356,0.6155751561646249,0.10478686292966206
default,Huber,0.3,128,5,0.01,"{'num_atoms': 35, 'num_in_degree': 10, 'num_out_degree': 10, 'num_edges': 38, 'num_spatial': 20, 'num_edge_dis': 10, 'edge_type': 'multi_hop', 'multi_hop_max_dist': 5, 'num_encoder_layers': 6, 'embedding_dim': 64, 'ffn_embedding_dim': 256, 'num_attention_heads': 8, 'dropout': 0.1, 'attention_dropout': 0.1, 'activation_dropout': 0.1, 'activation_fn': 'gelu', 'pre_layernorm': False, 'q_noise': 0.0, 'qn_block_size': 8, 'output_size': 100}",-9694.331423645019,0.30367848694324495,0.3914682561159134,-682.2383581542969,136.22215,0.028323907293379306,0.9724901352831344,-658.8492431640625,0.27106037735939026,0.34319689869880676,886.3345336914062,2059.0056,0.6256856520970663,0.6152397976137236,0.09516771870354811
default,Huber,0.5,128,5,0.001,"{'num_atoms': 35, 'num_in_degree': 10, 'num_out_degree': 10, 'num_edges': 38, 'num_spatial': 20, 'num_edge_dis': 10, 'edge_type': 'multi_hop', 'multi_hop_max_dist': 5, 'num_encoder_layers': 6, 'embedding_dim': 64, 'ffn_embedding_dim': 256, 'num_attention_heads': 8, 'dropout': 0.1, 'attention_dropout': 0.1, 'activation_dropout': 0.1, 'activation_fn': 'gelu', 'pre_layernorm': False, 'q_noise': 0.0, 'qn_block_size': 8, 'output_size': 100}",-9976.696223754883,0.31826797127723694,0.3971877247095108,-678.0781311035156,144.3816,0.028514298237860204,0.9723176942460596,-927.2556355794271,0.3266959587732951,0.4048948685328166,1233.5436604817708,2529.079,0.6245400706926981,0.6156631436272861,0.10977384050687154
default,Huber,0.5,128,5,0.01,"{'num_atoms': 35, 'num_in_degree': 10, 'num_out_degree': 10, 'num_edges': 38, 'num_spatial': 20, 'num_edge_dis': 10, 'edge_type': 'multi_hop', 'multi_hop_max_dist': 5, 'num_encoder_layers': 6, 'embedding_dim': 64, 'ffn_embedding_dim': 256, 'num_attention_heads': 8, 'dropout': 0.1, 'attention_dropout': 0.1, 'activation_dropout': 0.1, 'activation_fn': 'gelu', 'pre_layernorm': False, 'q_noise': 0.0, 'qn_block_size': 8, 'output_size': 100}",-9708.707068481446,0.3152071160078049,0.39189079582691194,-680.4929016113281,141.21735,0.02872745495289564,0.9721161124010956,-711.7454020182291,0.281309574842453,0.35253551602363586,935.3577880859375,2155.5098,0.6241278648376465,0.615818296673677,0.10032534499963125
default,Huber,0.7,128,5,0.001,"{'num_atoms': 35, 'num_in_degree': 10, 'num_out_degree': 10, 'num_edges': 38, 'num_spatial': 20, 'num_edge_dis': 10, 'edge_type': 'multi_hop', 'multi_hop_max_dist': 5, 'num_encoder_layers': 6, 'embedding_dim': 64, 'ffn_embedding_dim': 256, 'num_attention_heads': 8, 'dropout': 0.1, 'attention_dropout': 0.1, 'activation_dropout': 0.1, 'activation_fn': 'gelu', 'pre_layernorm': False, 'q_noise': 0.0, 'qn_block_size': 8, 'output_size': 100}",-10216.253167419434,0.3216937428712845,0.4020512968301773,-675.0312121582032,145.56503,0.028460128903388976,0.9723730130238603,-930.7473958333334,0.32057542602221173,0.4086003800233205,1257.2143961588542,2486.0334,0.6245259841283163,0.6156663350393551,0.11126282066106796
default,Huber,0.7,128,5,0.01,"{'num_atoms': 35, 'num_in_degree': 10, 'num_out_degree': 10, 'num_edges': 38, 'num_spatial': 20, 'num_edge_dis': 10, 'edge_type': 'multi_hop', 'multi_hop_max_dist': 5, 'num_encoder_layers': 6, 'embedding_dim': 64, 'ffn_embedding_dim': 256, 'num_attention_heads': 8, 'dropout': 0.1, 'attention_dropout': 0.1, 'activation_dropout': 0.1, 'activation_fn': 'gelu', 'pre_layernorm': False, 'q_noise': 0.0, 'qn_block_size': 8, 'output_size': 100}",-9324.710807495117,0.31098987817764284,0.38408861100673675,-684.5655285644531,139.20998,0.02779535621404648,0.9729980748938786,-680.1704508463541,0.27960843841234845,0.34752217928568524,908.149658203125,2135.3801,0.6242303649584452,0.6157793558260054,0.10081632013122241
default,Huber,0.9,128,5,0.001,"{'num_atoms': 35, 'num_in_degree': 10, 'num_out_degree': 10, 'num_edges': 38, 'num_spatial': 20, 'num_edge_dis': 10, 'edge_type': 'multi_hop', 'multi_hop_max_dist': 5, 'num_encoder_layers': 6, 'embedding_dim': 64, 'ffn_embedding_dim': 256, 'num_attention_heads': 8, 'dropout': 0.1, 'attention_dropout': 0.1, 'activation_dropout': 0.1, 'activation_fn': 'gelu', 'pre_layernorm': False, 'q_noise': 0.0, 'qn_block_size': 8, 'output_size': 100}",-11336.289790649414,0.33004500389099123,0.42360227823257446,-666.0415563964843,149.49757,0.029611966796219347,0.9712917511290279,-942.5078531901041,0.32409655054410297,0.4105997482935588,1267.7988688151042,2499.324,0.6246606906255087,0.6156153313093687,0.1155189166466395
default,Huber,0.9,128,5,0.01,"{'num_atoms': 35, 'num_in_degree': 10, 'num_out_degree': 10, 'num_edges': 38, 'num_spatial': 20, 'num_edge_dis': 10, 'edge_type': 'multi_hop', 'multi_hop_max_dist': 5, 'num_encoder_layers': 6, 'embedding_dim': 64, 'ffn_embedding_dim': 256, 'num_attention_heads': 8, 'dropout': 0.1, 'attention_dropout': 0.1, 'activation_dropout': 0.1, 'activation_fn': 'gelu', 'pre_layernorm': False, 'q_noise': 0.0, 'qn_block_size': 8, 'output_size': 100}",-10109.585640258789,0.3185755431652069,0.3999746209383011,-677.5382336425781,145.83563,0.028095028735697268,0.972717185277238,-757.2401326497396,0.2928018271923065,0.3662083645661672,1011.1453247070312,2276.0818,0.6257506410280863,0.615226907464108,0.10186348035931587
default,SID,0.1,128,5,0.001,"{'num_atoms': 35, 'num_in_degree': 10, 'num_out_degree': 10, 'num_edges': 38, 'num_spatial': 20, 'num_edge_dis': 10, 'edge_type': 'multi_hop', 'multi_hop_max_dist': 5, 'num_encoder_layers': 6, 'embedding_dim': 64, 'ffn_embedding_dim': 256, 'num_attention_heads': 8, 'dropout': 0.1, 'attention_dropout': 0.1, 'activation_dropout': 0.1, 'activation_fn': 'gelu', 'pre_layernorm': False, 'q_noise': 0.0, 'qn_block_size': 8, 'output_size': 100}",-20797.372434692385,0.4494509160518646,0.5740030884742737,-573.2677807617188,204.85855,0.028632825389504433,0.9722050824012133,-2042.068359375,0.48043349385261536,0.5989705920219421,2696.676025390625,3650.0676,0.6246717572212219,0.615609052709035,0.027102629592021307
default,SID,0.1,128,5,0.01,"{'num_atoms': 35, 'num_in_degree': 10, 'num_out_degree': 10, 'num_edges': 38, 'num_spatial': 20, 'num_edge_dis': 10, 'edge_type': 'multi_hop', 'multi_hop_max_dist': 5, 'num_encoder_layers': 6, 'embedding_dim': 64, 'ffn_embedding_dim': 256, 'num_attention_heads': 8, 'dropout': 0.1, 'attention_dropout': 0.1, 'activation_dropout': 0.1, 'activation_fn': 'gelu', 'pre_layernorm': False, 'q_noise': 0.0, 'qn_block_size': 8, 'output_size': 100}",-23638.277893676757,0.49521938800811766,0.6110619795322418,-542.5804309082031,223.43613,0.026125341020524502,0.9745702623569685,-2123.1031087239585,0.498491495847702,0.6166116197903951,2860.2556966145835,3865.7512,0.6241631706555685,0.6158052746841418,0.026876381474236648
default,SID,0.3,128,5,0.001,"{'num_atoms': 35, 'num_in_degree': 10, 'num_out_degree': 10, 'num_edges': 38, 'num_spatial': 20, 'num_edge_dis': 10, 'edge_type': 'multi_hop', 'multi_hop_max_dist': 5, 'num_encoder_layers': 6, 'embedding_dim': 64, 'ffn_embedding_dim': 256, 'num_attention_heads': 8, 'dropout': 0.1, 'attention_dropout': 0.1, 'activation_dropout': 0.1, 'activation_fn': 'gelu', 'pre_layernorm': False, 'q_noise': 0.0, 'qn_block_size': 8, 'output_size': 100}",-23367.27329711914,0.4833672600984573,0.6080775868892669,-547.46388671875,221.07626,0.026572370678186418,0.9741480439361946,-2101.3856608072915,0.4894017775853475,0.6082831621170044,2780.884033203125,3779.419,0.6249910195668539,0.6154908866234942,0.026828191181023916
default,SID,0.3,128,5,0.01,"{'num_atoms': 35, 'num_in_degree': 10, 'num_out_degree': 10, 'num_edges': 38, 'num_spatial': 20, 'num_edge_dis': 10, 'edge_type': 'multi_hop', 'multi_hop_max_dist': 5, 'num_encoder_layers': 6, 'embedding_dim': 64, 'ffn_embedding_dim': 256, 'num_attention_heads': 8, 'dropout': 0.1, 'attention_dropout': 0.1, 'activation_dropout': 0.1, 'activation_fn': 'gelu', 'pre_layernorm': False, 'q_noise': 0.0, 'qn_block_size': 8, 'output_size': 100}",-25197.644973144532,0.5071870791912079,0.6308605933189392,-528.7918029785156,228.92311,0.026467883698642253,0.9742426038851747,-2078.759521484375,0.49324337641398114,0.6106133262316386,2808.4491373697915,3880.0771,0.6241544485092163,0.6158086211274414,0.0265048174187541
default,SID,0.5,128,5,0.001,"{'num_atoms': 35, 'num_in_degree': 10, 'num_out_degree': 10, 'num_edges': 38, 'num_spatial': 20, 'num_edge_dis': 10, 'edge_type': 'multi_hop', 'multi_hop_max_dist': 5, 'num_encoder_layers': 6, 'embedding_dim': 64, 'ffn_embedding_dim': 256, 'num_attention_heads': 8, 'dropout': 0.1, 'attention_dropout': 0.1, 'activation_dropout': 0.1, 'activation_fn': 'gelu', 'pre_layernorm': False, 'q_noise': 0.0, 'qn_block_size': 8, 'output_size': 100}",-21106.250541992187,0.4662984997034073,0.5772400236129761,-567.1072583007813,209.6686,0.026392054744064808,0.9743210858306606,-2150.5928955078125,0.49260781208674115,0.6148167649904887,2839.2775065104165,3762.8115,0.6255823373794556,0.615266603470264,0.027844266158839066
default,SID,0.5,128,5,0.01,"{'num_atoms': 35, 'num_in_degree': 10, 'num_out_degree': 10, 'num_edges': 38, 'num_spatial': 20, 'num_edge_dis': 10, 'edge_type': 'multi_hop', 'multi_hop_max_dist': 5, 'num_encoder_layers': 6, 'embedding_dim': 64, 'ffn_embedding_dim': 256, 'num_attention_heads': 8, 'dropout': 0.1, 'attention_dropout': 0.1, 'activation_dropout': 0.1, 'activation_fn': 'gelu', 'pre_layernorm': False, 'q_noise': 0.0, 'qn_block_size': 8, 'output_size': 100}",-20941.203547973633,0.4717588299512863,0.575257134437561,-565.9427282714844,212.5455,0.02618838496506214,0.9745166763820076,-2237.336669921875,0.5095651646455129,0.6293609937032064,2975.37939453125,3937.075,0.6241534749666849,0.6158089769505445,0.027268268788854282
default,SID,0.7,128,5,0.001,"{'num_atoms': 35, 'num_in_degree': 10, 'num_out_degree': 10, 'num_edges': 38, 'num_spatial': 20, 'num_edge_dis': 10, 'edge_type': 'multi_hop', 'multi_hop_max_dist': 5, 'num_encoder_layers': 6, 'embedding_dim': 64, 'ffn_embedding_dim': 256, 'num_attention_heads': 8, 'dropout': 0.1, 'attention_dropout': 0.1, 'activation_dropout': 0.1, 'activation_fn': 'gelu', 'pre_layernorm': False, 'q_noise': 0.0, 'qn_block_size': 8, 'output_size': 100}",-20960.48892883301,0.47077118992805483,0.5747978127002716,-567.0385205078124,212.07297,0.025026949420571327,0.9756078006836596,-2001.48486328125,0.485554297765096,0.5977774063746134,2688.4793294270835,3751.5977,0.6253191033999125,0.615374560947186,0.026867842550079027
default,SID,0.7,128,5,0.01,"{'num_atoms': 35, 'num_in_degree': 10, 'num_out_degree': 10, 'num_edges': 38, 'num_spatial': 20, 'num_edge_dis': 10, 'edge_type': 'multi_hop', 'multi_hop_max_dist': 5, 'num_encoder_layers': 6, 'embedding_dim': 64, 'ffn_embedding_dim': 256, 'num_attention_heads': 8, 'dropout': 0.1, 'attention_dropout': 0.1, 'activation_dropout': 0.1, 'activation_fn': 'gelu', 'pre_layernorm': False, 'q_noise': 0.0, 'qn_block_size': 8, 'output_size': 100}",-22286.633326416017,0.48048871994018555,0.5937299692630768,-554.70755859375,217.00447,0.025210068821907045,0.9754315388139619,-2146.750447591146,0.4908728202184041,0.6146547993024191,2838.01708984375,3771.464,0.6279983520507812,0.6143351387951591,0.026965730885664622
default,SID,0.9,128,5,0.001,"{'num_atoms': 35, 'num_in_degree': 10, 'num_out_degree': 10, 'num_edges': 38, 'num_spatial': 20, 'num_edge_dis': 10, 'edge_type': 'multi_hop', 'multi_hop_max_dist': 5, 'num_encoder_layers': 6, 'embedding_dim': 64, 'ffn_embedding_dim': 256, 'num_attention_heads': 8, 'dropout': 0.1, 'attention_dropout': 0.1, 'activation_dropout': 0.1, 'activation_fn': 'gelu', 'pre_layernorm': False, 'q_noise': 0.0, 'qn_block_size': 8, 'output_size': 100}",-20308.12272949219,0.4630002599954605,0.5660375237464905,-573.8882604980469,211.10106,0.02607389062643051,0.9746193000336549,-2020.1842447916667,0.4853387077649434,0.5987524588902792,2694.2671712239585,3702.6282,0.6244589885075887,0.6156920286658193,0.027065214018026987
default,SID,0.9,128,5,0.01,"{'num_atoms': 35, 'num_in_degree': 10, 'num_out_degree': 10, 'num_edges': 38, 'num_spatial': 20, 'num_edge_dis': 10, 'edge_type': 'multi_hop', 'multi_hop_max_dist': 5, 'num_encoder_layers': 6, 'embedding_dim': 64, 'ffn_embedding_dim': 256, 'num_attention_heads': 8, 'dropout': 0.1, 'attention_dropout': 0.1, 'activation_dropout': 0.1, 'activation_fn': 'gelu', 'pre_layernorm': False, 'q_noise': 0.0, 'qn_block_size': 8, 'output_size': 100}",-22045.143239746092,0.4724490398168564,0.5906244468688965,-558.5014038085938,215.6357,0.026344340965151786,0.9743639412377385,-2135.8824462890625,0.49514245986938477,0.6134189963340759,2830.0567220052085,3924.6218,0.6241539120674133,0.6158087888911199,0.026726589972774186
